Dataset,Experiment,Mean_Recall,Std_Recall,Mean_F1,Std_F1,Mean_Precision,Std_Precision
BCWDD,Baseline,0.9251352559803264,0.0082158517233552,0.9386162307880479,0.00596217643253275,0.9536040425112032,0.008359727625117679
BCWDD,RUS_0,0.9436913990402361,0.007814687408945293,0.9356263130338437,0.005676470022520729,0.9291051343629039,0.009377700147278888
BCWDD,RUS_1,0.9436913990402361,0.007814687408945293,0.9356263130338437,0.005676470022520729,0.9291051343629039,0.009377700147278888
BCWDD,MLCV,0.9251352559803264,0.0082158517233552,0.9386162307880479,0.00596217643253275,0.9536040425112032,0.008359727625117679
BCWDD,TomekLinks_0,0.9342451088962718,0.006317256525823827,0.9367758209423105,0.004789784942310219,0.940976959118363,0.007106105790978222
BCWDD,TomekLinks_1,0.9342451088962718,0.006317256525823827,0.9367758209423105,0.004789784942310219,0.940976959118363,0.007106105790978222
BCWDD,ENN_0,0.9513805832410483,0.004726272493654402,0.9261391244209155,0.005263662923987513,0.9038947445241274,0.009003959507947306
BCWDD,ENN_1,0.9513805832410483,0.004726272493654402,0.9261391244209155,0.005263662923987513,0.9038947445241274,0.009003959507947306
BCWDD,NearMiss_0,0.9260908084163897,0.008248634142687407,0.9370539232761496,0.005683656075248431,0.9499947993442724,0.007325805052390867
BCWDD,NearMiss_1,0.9260908084163897,0.008248634142687407,0.9370539232761496,0.005683656075248431,0.9499947993442724,0.007325805052390867
BCWDD,AllKNN_0,0.9532705795496492,0.00821356526683308,0.919613741890071,0.006347919140235518,0.8902558849346655,0.01052166361302968
BCWDD,AllKNN_1,0.9532705795496492,0.00821356526683308,0.919613741890071,0.006347919140235518,0.8902558849346655,0.01052166361302968
BCWDD,IHT_0,0.9688445921004061,0.005520709102067501,0.9011941024790924,0.006493374082358293,0.8442251220242984,0.009431745362123486
BCWDD,IHT_1,0.9688445921004061,0.005520709102067501,0.9011941024790924,0.006493374082358293,0.8442251220242984,0.009431745362123486
BCWDD,CNN_0,0.9534662236987821,0.006813250718462275,0.9133282566395127,0.009485751048601441,0.8788183642878987,0.01799056186100867
BCWDD,CNN_1,0.9534662236987821,0.006813250718462275,0.9133282566395127,0.009485751048601441,0.8788183642878987,0.01799056186100867
BCWDD,NCR_0,0.9529678848283498,0.007046076310159115,0.9261942501656527,0.00695638638009189,0.9026170151435012,0.00981563830147077
BCWDD,NCR_1,0.9529678848283498,0.007046076310159115,0.9261942501656527,0.00695638638009189,0.9026170151435012,0.00981563830147077
BCWDD,REEN_0,0.958313030638612,0.007004268938218307,0.917228134225286,0.00530127375318908,0.8817734655489189,0.00976673184286132
BCWDD,REEN_1,0.958313030638612,0.007004268938218307,0.917228134225286,0.00530127375318908,0.8817734655489189,0.00976673184286132
BCWDD,OSS_0,0.9326910299003326,0.005807949227819665,0.9355724466720176,0.005511256916261118,0.9402141544847097,0.00807559916844223
BCWDD,OSS_1,0.9326910299003326,0.005807949227819665,0.9355724466720176,0.005511256916261118,0.9402141544847097,0.00807559916844223
BCWDD,CC_0,0.9367884828349945,0.0072207048912235556,0.9374076556695067,0.005157797760130084,0.939629917996457,0.007672592443233972
BCWDD,CC_1,0.9367884828349945,0.0072207048912235556,0.9374076556695067,0.005157797760130084,0.939629917996457,0.007672592443233972
BCWDD,ROS_0,0.937393872277593,0.005890066453093602,0.9346566472314092,0.005048722894712465,0.9336795017067799,0.008026738739557159
BCWDD,ROS_1,0.937393872277593,0.005890066453093602,0.9346566472314092,0.005048722894712465,0.9336795017067799,0.008026738739557159
BCWDD,SMOTE_0,0.9361424880029532,0.006087685587130724,0.9350138727573986,0.004860742570196284,0.935719747114054,0.008578724493381895
BCWDD,SMOTE_1,0.9361424880029532,0.006087685587130724,0.9350138727573986,0.004860742570196284,0.935719747114054,0.008578724493381895
BCWDD,BSMOTE_0,0.9526356589147285,0.007773221323283398,0.9253981533875868,0.007336597106710754,0.9012860985959091,0.010469887717018676
BCWDD,BSMOTE_1,0.9526356589147285,0.007773221323283398,0.9253981533875868,0.007336597106710754,0.9012860985959091,0.010469887717018676
BCWDD,SVM_0,0.9507751937984494,0.006680091191848658,0.9298943352120088,0.004694665832686597,0.9116263773594472,0.007482979186786906
BCWDD,SVM_1,0.9507751937984494,0.006680091191848658,0.9298943352120088,0.004694665832686597,0.9116263773594472,0.007482979186786906
BCWDD,SMOTEENN_0,0.912716869693614,0.010459111964152137,0.9187432214084491,0.007858577443085945,0.9274528521716457,0.010892916126552937
BCWDD,SMOTEENN_1,0.912716869693614,0.010459111964152137,0.9187432214084491,0.007858577443085945,0.9274528521716457,0.010892916126552937
BCWDD,SMOTETomek_0,0.9356662975267623,0.007424004605787252,0.9347205898234636,0.006549746236608636,0.9355859260926047,0.009560096680690303
BCWDD,SMOTETomek_1,0.9356662975267623,0.007424004605787252,0.9347205898234636,0.006549746236608636,0.9355859260926047,0.009560096680690303
Haberman,Baseline,0.36255144032921816,0.0219654422141276,0.44409760118129804,0.024122307410759127,0.5955932806410439,0.03629938225952487
Haberman,RUS_0,0.6338970588235295,0.041017440624805654,0.5347820792965315,0.02447433865873691,0.46986050201535673,0.021031263932344144
Haberman,RUS_1,0.6402320261437907,0.031110025314715403,0.5424492377376386,0.019751377839772943,0.4758152531957452,0.02029629784366904
Haberman,MLCV,0.3596707818930042,0.027371669379943855,0.44421694705439296,0.02913525796159325,0.5969233653380914,0.03134771849700602
Haberman,TomekLinks_0,0.43725490196078437,0.01583909929613676,0.47486578407440877,0.0157983237528988,0.5381665756271019,0.017896932187579435
Haberman,TomekLinks_1,0.4367450980392157,0.01695881774839564,0.47874630896929665,0.01612010131597598,0.5404594540306614,0.022587736589866236
Haberman,ENN_0,0.6279901960784312,0.02209958108301147,0.5291820710126188,0.016201594522368027,0.4645256555101056,0.013597761370048396
Haberman,ENN_1,0.6392336601307191,0.024881796308526057,0.5424536351172262,0.01650089945684147,0.4761880452856832,0.015242166774251407
Haberman,NearMiss_0,0.6370833333333334,0.03203705150549447,0.5468376237646214,0.019722823617291267,0.4872488353415949,0.018273816046381442
Haberman,NearMiss_1,0.6512107843137254,0.02815108388615155,0.550715660597917,0.019386941860515015,0.48214001956334346,0.01948486777819617
Haberman,AllKNN_0,0.7142401960784313,0.03070589370007053,0.5509224256581248,0.017508500589842265,0.45396179624901734,0.011447364839910079
Haberman,AllKNN_1,0.721985294117647,0.024490141623041854,0.5594368679316047,0.01622958804874959,0.46115953159086726,0.015590638759720913
Haberman,IHT_0,0.7041421568627453,0.019347676564061302,0.5362154688176778,0.01339167085475127,0.437752319579783,0.013680228722088267
Haberman,IHT_1,0.7087859477124182,0.02198617916090546,0.5424782857651437,0.013277621120416016,0.4428884585537899,0.012371879614350554
Haberman,CNN_0,0.5504411764705882,0.02744765386006873,0.5129988643528983,0.019499468773211234,0.4925294102893999,0.01856394729770016
Haberman,CNN_1,0.549593137254902,0.024659013634274845,0.5111143637054189,0.015320100800974984,0.48658083612061725,0.013758897386338545
Haberman,NCR_0,0.5801470588235296,0.02640992504183058,0.5210727771570788,0.020008565455141795,0.48291501223078603,0.01646732907432878
Haberman,NCR_1,0.5883169934640524,0.02703022054748934,0.5324105863344771,0.016794785303137494,0.4926256068265469,0.0161196903307848
Haberman,REEN_0,0.7622549019607844,0.03501283611492302,0.5620398362309675,0.01806641786562497,0.45141974497773707,0.016276230693343753
Haberman,REEN_1,0.7449918300653595,0.03890290312242644,0.562366070658192,0.01765623966071475,0.45952201121339703,0.018138250504045036
Haberman,OSS_0,0.4393382352941177,0.017564912975021243,0.4759862083028155,0.01806987652745149,0.5378535916268115,0.01982011008966483
Haberman,OSS_1,0.4412058823529411,0.01757119039866519,0.4807013948567572,0.017204832429400442,0.5385210966364217,0.02501534218694992
Haberman,CC_0,0.5890196078431373,0.023627196727946137,0.5300324279221683,0.01764412248594219,0.49160001753189486,0.0171568344445883
Haberman,CC_1,0.5927434640522875,0.022382106314910867,0.535847561046418,0.016484306446164134,0.4949858047951062,0.015593911897246696
Haberman,ROS_0,0.6192156862745097,0.027617274667385724,0.5319608040622622,0.016575421083248318,0.4741316332314609,0.013742451617622903
Haberman,ROS_1,0.6314901960784314,0.02258346190259215,0.5443982932532895,0.013999481058388944,0.4836673943722448,0.013608503263198466
Haberman,SMOTE_0,0.6110049019607843,0.025191369152489672,0.5266717512675498,0.015620321234694447,0.47070380302815873,0.014761473342371606
Haberman,SMOTE_1,0.627,0.01654226157586509,0.540932075850604,0.011350850519359017,0.4809883442061909,0.01128968922644329
Haberman,BSMOTE_0,0.6195588235294117,0.022199388740194927,0.5371269610367012,0.015912026669339014,0.4814916322510935,0.01402746717204015
Haberman,BSMOTE_1,0.6194346405228759,0.02610074090371791,0.5386596998187383,0.014761143705571186,0.48128703514606636,0.012074282644201578
Haberman,SVM_0,0.5452205882352941,0.020821291214045037,0.5073356609412546,0.013388201379916984,0.48449959440309415,0.013529132752484388
Haberman,SVM_1,0.5556846405228758,0.025844141069118448,0.5168216488825371,0.01591481920380258,0.4890982789595569,0.012537415243352083
Haberman,SMOTEENN_0,0.6899264705882353,0.03297483290267945,0.5354936531776211,0.02059898368651182,0.44333794812776245,0.018494377208104536
Haberman,SMOTEENN_1,0.699658496732026,0.03554223219862874,0.5435557617410471,0.016551448608604444,0.4492846022611683,0.01264182831836222
Haberman,SMOTETomek_0,0.6089705882352943,0.02816243663766049,0.5260130916343367,0.017415842318604755,0.4705554247798203,0.015868185557639785
Haberman,SMOTETomek_1,0.6254526143790851,0.02092164934400349,0.5399838711426277,0.012629263013970497,0.4803420794275463,0.011835454657476792
HeartCleveland,Baseline,0.7922168545356951,0.014076219347447714,0.8177083723482835,0.012530778420809631,0.8478401555996744,0.017731261857479894
HeartCleveland,RUS_0,0.8072398589065255,0.013583478966727583,0.8190019961103702,0.010082242614598065,0.8366607714631663,0.011959404430910266
HeartCleveland,RUS_1,0.8105026455026454,0.01057829520313829,0.8229503524216784,0.009068267905894399,0.8396582343539775,0.014256212372432813
HeartCleveland,MLCV,0.7954159957058506,0.011850344525182136,0.8242494011540715,0.010173471043554308,0.8570240682678298,0.018894738420299238
HeartCleveland,TomekLinks_0,0.8247178130511462,0.011507314814915343,0.8087599425454796,0.008499586405739149,0.7975773632325501,0.011484167603350836
HeartCleveland,TomekLinks_1,0.8282804232804235,0.00721252522645245,0.8123665051407413,0.00805953084806292,0.8005914499121339,0.012782903159943487
HeartCleveland,ENN_0,0.900326278659612,0.015005183314995124,0.7479777731577381,0.011652803375165964,0.6416702660665834,0.011695780839014668
HeartCleveland,ENN_1,0.9053174603174604,0.017281613148639578,0.7518763693674544,0.009023571408197015,0.6448325614095407,0.008280337651304289
HeartCleveland,NearMiss_0,0.7955291005291006,0.014783973629641185,0.8171806048352918,0.010558576180166724,0.8458856034712454,0.012296165263231377
HeartCleveland,NearMiss_1,0.8024426807760139,0.012340011926820962,0.824166717165883,0.00912128536151604,0.8513422312545234,0.011446216160885304
HeartCleveland,AllKNN_0,0.8434391534391534,0.013461493187922464,0.7922464013513826,0.010061102648809465,0.7505842292947287,0.012034872562078703
HeartCleveland,AllKNN_1,0.8415873015873014,0.009314624095238132,0.7911538743317444,0.00934000880360347,0.7490238865839198,0.013573482369041032
HeartCleveland,IHT_0,0.8337125220458556,0.010209191647784732,0.8032517635088415,0.010697247238653866,0.7788591362533442,0.01564151351475856
HeartCleveland,IHT_1,0.8350088183421517,0.007990508041238412,0.8056920672248601,0.007492638850088252,0.7810765320150228,0.014630437054980515
HeartCleveland,CNN_0,0.8536860670194003,0.01305941394077736,0.800104751928843,0.01132814739644333,0.7572259854221399,0.016259634041847888
HeartCleveland,CNN_1,0.8518430335097001,0.011826606737368133,0.7985952577017784,0.012318932643658392,0.7549648458946637,0.019764631508168175
HeartCleveland,NCR_0,0.8751058201058198,0.011982374867537606,0.7615057797609184,0.00903181361091096,0.676549495662629,0.01394070151617205
HeartCleveland,NCR_1,0.8744620811287478,0.010979469889549313,0.7657199274440587,0.00980648246850393,0.684039404144783,0.014294423371538184
HeartCleveland,REEN_0,0.900326278659612,0.015005183314995124,0.7479777731577381,0.011652803375165964,0.6416702660665834,0.011695780839014668
HeartCleveland,REEN_1,0.9053174603174604,0.017281613148639578,0.7518763693674544,0.009023571408197015,0.6448325614095407,0.008280337651304289
HeartCleveland,OSS_0,0.8281305114638449,0.012376002065365214,0.8096197615144425,0.008960384982335385,0.7961107064572394,0.01376865052453613
HeartCleveland,OSS_1,0.8323985890652559,0.009014330018966026,0.814116520196588,0.0077977861906758225,0.8000606718479208,0.012102544941897683
HeartCleveland,CC_0,0.7996649029982362,0.013876652598132984,0.8197658641707882,0.009462208296559459,0.8465166803109224,0.012455631299626239
HeartCleveland,CC_1,0.8038800705467374,0.01188246654821452,0.823800093404732,0.008288700423267705,0.8487449641218221,0.011330107259699242
HeartCleveland,ROS_0,0.8028130511463846,0.010766357955984547,0.8167199205388839,0.008424155321773904,0.8369117053712518,0.014648791653640528
HeartCleveland,ROS_1,0.8065961199294532,0.011004556118908732,0.8231441164286675,0.008019392613666106,0.8442796808975349,0.010683883094157038
HeartCleveland,SMOTE_0,0.8042857142857144,0.014724688061536637,0.8187109696939633,0.010873639951786,0.8392122012086821,0.013971067818280017
HeartCleveland,SMOTE_1,0.8078483245149911,0.010906046999363522,0.8235473608045923,0.008617656988959027,0.843813213651821,0.012260464634851363
HeartCleveland,BSMOTE_0,0.8135802469135803,0.013461481634495148,0.8173857336009417,0.010925117870149598,0.827095002331594,0.0181268260365586
HeartCleveland,BSMOTE_1,0.8160846560846557,0.012348651695521726,0.8211601091828588,0.008245946939318238,0.8297750788672931,0.012074782521470002
HeartCleveland,SVM_0,0.805978835978836,0.012244915067066544,0.8174364695561027,0.0077740614490869955,0.8345162405567017,0.011203913047807658
HeartCleveland,SVM_1,0.8109788359788358,0.012797188946830643,0.8225836201573191,0.007805242533107328,0.8384081115198612,0.011852127983175776
HeartCleveland,SMOTEENN_0,0.769241622574956,0.027240279979822514,0.7362556960292181,0.013212184693767766,0.7113706253307128,0.01243952300464167
HeartCleveland,SMOTEENN_1,0.7631216931216931,0.02304419591624971,0.7287944245484492,0.012111155655100654,0.7034010886929025,0.014077972233658542
HeartCleveland,SMOTETomek_0,0.8118694885361551,0.01352431276255879,0.8118611176776225,0.010932088365871225,0.817312138918377,0.014907158388476477
HeartCleveland,SMOTETomek_1,0.8150881834215169,0.012513811660383699,0.8170441179910815,0.010857808847377668,0.822672075588305,0.015384508983953148
Hepatitis,Baseline,0.5365656565656567,0.0542355581306046,0.5868627289330389,0.048062024509571095,0.6714184580851246,0.05586606889311973
Hepatitis,RUS_0,0.7687301587301588,0.03461664220226361,0.5776745985806021,0.0345767737327031,0.477062899203766,0.03987552446980694
Hepatitis,RUS_1,0.764920634920635,0.058002571597450404,0.5823323741911709,0.03706397775660681,0.4802015762015762,0.039172236900900013
Hepatitis,MLCV,0.5398989898989899,0.04941706921626895,0.5899470448363301,0.043699182026437564,0.6702130431297098,0.04395467308019508
Hepatitis,TomekLinks_0,0.5780952380952379,0.03798794414319833,0.6031162900280548,0.03121562229471428,0.667718374218374,0.04401031865298873
Hepatitis,TomekLinks_1,0.5942857142857142,0.043022608270226886,0.6212114280055455,0.0353971183732896,0.6831164021164022,0.04058640939716129
Hepatitis,ENN_0,0.6866666666666666,0.04940155851156042,0.58067032271757,0.03931209867783086,0.5241138969962499,0.042981531035767864
Hepatitis,ENN_1,0.6733333333333332,0.04093761269335319,0.5775992504227797,0.034102723744465394,0.5254395789395789,0.04594428951440492
Hepatitis,NearMiss_0,0.8368253968253968,0.03595019090004334,0.5521546087983698,0.02625007552590706,0.41852702385906715,0.028093365872594745
Hepatitis,NearMiss_1,0.8301587301587302,0.03997983870839661,0.5536871834457048,0.022912543943727496,0.42152907226110214,0.02056036494900172
Hepatitis,AllKNN_0,0.7073015873015873,0.05569234859578006,0.5387456951572579,0.03439999461435373,0.4510452385305327,0.03492641384340071
Hepatitis,AllKNN_1,0.7104761904761904,0.06198285672336195,0.548531472558192,0.04501470355200877,0.46288246502952385,0.04839606663291767
Hepatitis,IHT_0,0.8876190476190476,0.03207606228530732,0.5024664799248613,0.021439581029733625,0.35498125634479794,0.018806328736332763
Hepatitis,IHT_1,0.8674603174603174,0.046202474850247255,0.49065655577714024,0.025713852211232683,0.3453139541318973,0.019877552077545806
Hepatitis,CNN_0,0.7407936507936508,0.042639364375021714,0.6396923899151655,0.031514024246504825,0.5861816054316056,0.04157415845233968
Hepatitis,CNN_1,0.7371428571428572,0.03397122075754898,0.6438873257232391,0.027442065568978616,0.5873907758907759,0.03571056202766459
Hepatitis,NCR_0,0.6769841269841269,0.04352362428034166,0.6066342671203352,0.0345080212945484,0.5706329041329041,0.039476812039761576
Hepatitis,NCR_1,0.683174603174603,0.04674973709948808,0.6215579501338017,0.03270515464533878,0.5926219706219704,0.04162547959215905
Hepatitis,REEN_0,0.7658730158730157,0.0671421066414583,0.5053139950595463,0.0346258401250621,0.38514998789766597,0.026922197641793343
Hepatitis,REEN_1,0.7544444444444447,0.06303825918790247,0.5087987841087585,0.03966168596174531,0.3945234101410573,0.033199096031381735
Hepatitis,OSS_0,0.586031746031746,0.04016092597045959,0.6085749239866886,0.03484173527583353,0.6712845117845119,0.04175059162776433
Hepatitis,OSS_1,0.5938095238095237,0.04324603101777815,0.6199191636250458,0.032060104978618775,0.6781666666666667,0.03771514165160934
Hepatitis,CC_0,0.7814285714285715,0.03709704134011872,0.5985537951327425,0.026086538200712515,0.498655723905724,0.025864637328361834
Hepatitis,CC_1,0.7763492063492063,0.03072525541361369,0.6067433226425688,0.024585212312075742,0.5087866855366855,0.03230957259028315
Hepatitis,ROS_0,0.7388888888888888,0.050740299361945865,0.6232521657908655,0.03527740013309369,0.5594920727420727,0.037614360993959976
Hepatitis,ROS_1,0.7209523809523809,0.05074799535451518,0.6129572980052855,0.042522481057373565,0.549102259396377,0.04930987798104541
Hepatitis,SMOTE_0,0.7222222222222221,0.03408081040251411,0.6268524384685374,0.031086089368251812,0.5735002220002221,0.03810722696450926
Hepatitis,SMOTE_1,0.713968253968254,0.04718746219666144,0.6326045143367123,0.03605965647061114,0.5839329374329374,0.039126769244052374
Hepatitis,BSMOTE_0,0.7211111111111109,0.037649843399234724,0.6284001203474888,0.03563172626687881,0.5794079439079438,0.043070181646810035
Hepatitis,BSMOTE_1,0.7220634920634922,0.03209687088619874,0.6379614432694927,0.028366123771873187,0.5869894179894181,0.03735891553105285
Hepatitis,SVM_0,0.6820634920634919,0.038128622937698906,0.6259778196806062,0.038084467205027554,0.6052672327672327,0.04857258237044279
Hepatitis,SVM_1,0.6758730158730157,0.04569002883778672,0.6251281122844591,0.03294404794061382,0.6002686387686389,0.043222086779872375
Hepatitis,SMOTEENN_0,0.762857142857143,0.05432746932172061,0.5507687560974888,0.03219691730529348,0.4434546958291405,0.03304506853374425
Hepatitis,SMOTEENN_1,0.753809523809524,0.04876633784412294,0.5551302447122881,0.03741319784829018,0.4479988138223432,0.035958272534878544
Hepatitis,SMOTETomek_0,0.7246031746031745,0.02828115332084191,0.6265329425762862,0.026133699979407513,0.5719332704332706,0.03135248413728144
Hepatitis,SMOTETomek_1,0.7106349206349206,0.05036050434700949,0.6308476560705663,0.03595124510019468,0.5823672438672439,0.03611089633486803
Hypothyroid,Baseline,0.979718476607232,0.0011261720000574546,0.981376975415217,0.0009246487379069489,0.9830576567170696,0.001264859138433634
Hypothyroid,RUS_0,0.9375661565439182,0.0023864993854978843,0.9674013656236907,0.0012204033636144043,0.9992475750062064,0.0003817140330702489
Hypothyroid,RUS_1,0.9375661565439182,0.0023864993854978843,0.9674013656236907,0.0012204033636144043,0.9992475750062064,0.0003817140330702489
Hypothyroid,MLCV,0.979718476607232,0.0011261720000574546,0.981376975415217,0.0009246487379069489,0.9830576567170696,0.001264859138433634
Hypothyroid,TomekLinks_0,0.978559975153504,0.000968980998830546,0.9814337213317804,0.0007310114339098751,0.9843485765354613,0.0009831309850699824
Hypothyroid,TomekLinks_1,0.978559975153504,0.000968980998830546,0.9814337213317804,0.0007310114339098751,0.9843485765354613,0.0009831309850699824
Hypothyroid,ENN_0,0.9741838448303347,0.0009490785909417356,0.9813020864599993,0.000569121164323359,0.9885497914476986,0.0009240731633800794
Hypothyroid,ENN_1,0.9741838448303347,0.0009490785909417356,0.9813020864599993,0.000569121164323359,0.9885497914476986,0.0009240731633800794
Hypothyroid,NearMiss_0,0.9360242858006675,0.0012036324555204498,0.9665260836489804,0.0006193375315417189,0.9991349927236555,0.00035887278821792847
Hypothyroid,NearMiss_1,0.9360242858006675,0.0012036324555204498,0.9665260836489804,0.0006193375315417189,0.9991349927236555,0.00035887278821792847
Hypothyroid,AllKNN_0,0.9738392096395608,0.0011148753250211929,0.9813712049524647,0.0007741536137019592,0.9890459366755807,0.0010442987434157696
Hypothyroid,AllKNN_1,0.9738392096395608,0.0011148753250211929,0.9813712049524647,0.0007741536137019592,0.9890459366755807,0.0010442987434157696
Hypothyroid,IHT_0,0.9396917412886094,0.0011839195926539796,0.9680820599788228,0.0006665326983611342,0.9982844809449607,0.0004520475461422009
Hypothyroid,IHT_1,0.9396917412886094,0.0011839195926539796,0.9680820599788228,0.0006665326983611342,0.9982844809449607,0.0004520475461422009
Hypothyroid,CNN_0,0.953251056800629,0.002528365854715588,0.9749687634152623,0.0013334938800612644,0.9977402191393808,0.0005331470371908498
Hypothyroid,CNN_1,0.953251056800629,0.002528365854715588,0.9749687634152623,0.0013334938800612644,0.9977402191393808,0.0005331470371908498
Hypothyroid,NCR_0,0.9742988148441324,0.0008896155705864775,0.9810630863672748,0.0006009382338009835,0.987945918820552,0.0008886219116888511
Hypothyroid,NCR_1,0.9742988148441324,0.0008896155705864775,0.9810630863672748,0.0006009382338009835,0.987945918820552,0.0008886219116888511
Hypothyroid,REEN_0,0.9728529906495818,0.0010221993733577543,0.9812203332120819,0.0006339617292329408,0.9897558289989904,0.0007049679118664227
Hypothyroid,REEN_1,0.9728529906495818,0.0010221993733577543,0.9812203332120819,0.0006339617292329408,0.9897558289989904,0.0007049679118664227
Hypothyroid,OSS_0,0.9781002737512162,0.0010967577164110091,0.9813404651225689,0.0007708218523724418,0.9846277115789575,0.001006975865399103
Hypothyroid,OSS_1,0.9781002737512162,0.0010967577164110091,0.9813404651225689,0.0007708218523724418,0.9846277115789575,0.001006975865399103
Hypothyroid,CC_0,0.9063008542357232,0.0016615591942738903,0.9506718533423263,0.0009129962421314009,0.9996848501330047,3.560015268895096e-06
Hypothyroid,CC_1,0.9063008542357232,0.0016615591942738903,0.9506718533423263,0.0009129962421314009,0.9996848501330047,3.560015268895096e-06
Hypothyroid,ROS_0,0.9453322669129327,0.0027659116083323934,0.9715332772190028,0.0015067030935585117,0.9992830684424023,0.00034608280482790923
Hypothyroid,ROS_1,0.9453322669129327,0.0027659116083323934,0.9715332772190028,0.0015067030935585117,0.9992830684424023,0.00034608280482790923
Hypothyroid,SMOTE_0,0.9508088991133319,0.002658354127869688,0.9740925297075446,0.001412863171586291,0.998604265368792,0.00042739489222035684
Hypothyroid,SMOTE_1,0.9508088991133319,0.002658354127869688,0.9740925297075446,0.001412863171586291,0.998604265368792,0.00042739489222035684
Hypothyroid,BSMOTE_0,0.9534617572849159,0.0018345317757114162,0.9746702483329179,0.0009993598361103982,0.9968979247064403,0.0005953306571144709
Hypothyroid,BSMOTE_1,0.9534617572849159,0.0018345317757114162,0.9746702483329179,0.0009993598361103982,0.9968979247064403,0.0005953306571144709
Hypothyroid,SVM_0,0.9592363550410352,0.002320514866070559,0.9766108110444397,0.0010482462946094498,0.994674999677231,0.0008584696822093489
Hypothyroid,SVM_1,0.9592363550410352,0.002320514866070559,0.9766108110444397,0.0010482462946094498,0.994674999677231,0.0008584696822093489
Hypothyroid,SMOTEENN_0,0.9459546386538916,0.0017103140933088146,0.9715146175837174,0.000973456787581266,0.9985387961509062,0.00046898630401059465
Hypothyroid,SMOTEENN_1,0.9459546386538916,0.0017103140933088146,0.9715146175837174,0.000973456787581266,0.9985387961509062,0.00046898630401059465
Hypothyroid,SMOTETomek_0,0.9501200410077122,0.002707538747402056,0.9737840014409476,0.0014444229624314604,0.9987047026065715,0.00034027471978734117
Hypothyroid,SMOTETomek_1,0.9501200410077122,0.002707538747402056,0.9737840014409476,0.0014444229624314604,0.9987047026065715,0.00034027471978734117
ILPD,Baseline,0.2096825396825396,0.020510789719923483,0.28818752300679734,0.025999038718781217,0.49561278251669527,0.0488228751788295
ILPD,RUS_0,0.7656981580510993,0.024515029241879017,0.5480389700537741,0.01089082725076386,0.4280726304846421,0.0075849592757281144
ILPD,RUS_1,0.7599584076054664,0.016996319394134506,0.5470956038690237,0.010763894630490755,0.4282794119635251,0.008981737489739362
ILPD,MLCV,0.21574314574314576,0.017520031337787022,0.2952017088682561,0.02188975090008273,0.49551886890398467,0.03499938178011269
ILPD,TomekLinks_0,0.40806298276886516,0.024171967944072677,0.4335035618857337,0.020882787946432196,0.47295810185714066,0.018545308396414883
ILPD,TomekLinks_1,0.41091503267973856,0.022036713663460463,0.43623363648958446,0.017104634433715883,0.47150410766884104,0.01420530681262531
ILPD,ENN_0,0.8247177658942365,0.01328580448279384,0.553448247379091,0.007744414305224579,0.41733519557893306,0.0062330891159785694
ILPD,ENN_1,0.8243731431966725,0.013663845435835476,0.553020152717593,0.009195076095106267,0.4166691049077996,0.007636554442716471
ILPD,NearMiss_0,0.5186452762923353,0.016089165135755392,0.3349428648502822,0.009540104059454147,0.24803075511026837,0.007503454951315486
ILPD,NearMiss_1,0.5221509209744504,0.019617290077381944,0.338549467686441,0.011742774485325866,0.2509963376542797,0.008823164187799163
ILPD,AllKNN_0,0.8725787284610811,0.01459798247569908,0.5541399536431475,0.006440782007549789,0.4065719080745121,0.004241579710522731
ILPD,AllKNN_1,0.8724242424242424,0.010931354684937151,0.5543562538226052,0.006313812645282708,0.4066314163696407,0.005199343305335703
ILPD,IHT_0,0.8850742721330956,0.009109174308060198,0.5595871627545922,0.006509936431499903,0.4097768841336603,0.006063404836504556
ILPD,IHT_1,0.8833036244800953,0.013381838409825769,0.5601338346472079,0.005528002920282315,0.41055775644260434,0.003920521043889874
ILPD,CNN_0,0.7183600713012478,0.019178909110837517,0.5302626454887355,0.011823915976622816,0.42191865963771213,0.01000340237516422
ILPD,CNN_1,0.714949494949495,0.019175746346469107,0.528041372528884,0.011980202490839423,0.4200610739341659,0.009816827962425128
ILPD,NCR_0,0.7574925727866905,0.015887192535135212,0.5535701710365591,0.009644690881910063,0.4373876986876373,0.007570508889660597
ILPD,NCR_1,0.7603505644682115,0.017561125046885614,0.5541125589069036,0.009550526135895184,0.4368375196261678,0.006613348559504063
ILPD,REEN_0,0.8889720736779562,0.011493454956169881,0.5546714475126823,0.005779286386125458,0.40362846907030825,0.004362754952058336
ILPD,REEN_1,0.8868211527035057,0.008323985954025368,0.552113920356556,0.004620675386457179,0.4011399196862501,0.0038186368409752723
ILPD,OSS_0,0.41025549613784895,0.018467787863720265,0.43332584930481455,0.018103339429580874,0.4682477323799293,0.018953781270302686
ILPD,OSS_1,0.4097088532382649,0.02439771195652983,0.4337996317031244,0.021832211671751218,0.46844494278906806,0.02005731390761804
ILPD,CC_0,0.8007486631016046,0.012990352265545884,0.5567836696262174,0.00818887815758201,0.42767646040958357,0.006594872071670084
ILPD,CC_1,0.8058585858585858,0.014737177190252977,0.5592467138997139,0.008057054329749014,0.4288064569139169,0.0060274778157553095
ILPD,ROS_0,0.7502554961378489,0.01735041388342164,0.5438200837828652,0.010131582565127181,0.4278425803182868,0.00814385371338651
ILPD,ROS_1,0.7565834818775996,0.017018564039255765,0.5483903723222656,0.008971813327433006,0.43091479703359775,0.006404899757583491
ILPD,SMOTE_0,0.7440701128936424,0.01708235913971673,0.5424343499416026,0.00829905253966293,0.4279891363779113,0.005449245624034218
ILPD,SMOTE_1,0.7501960784313723,0.014216257157311295,0.5476217851212435,0.008906176850338194,0.4322244446113964,0.007502659464887688
ILPD,BSMOTE_0,0.7554367201426024,0.014691633205453488,0.5473570234571095,0.007716102387844467,0.4303884782106346,0.005909845958115708
ILPD,BSMOTE_1,0.7537136066547833,0.012496576305128853,0.548149853853987,0.008955756460501422,0.4315718591389822,0.0076186111976166305
ILPD,SVM_0,0.7007308377896615,0.02563919199783398,0.5351430371008722,0.013018657680055298,0.4346741943670535,0.00910224186072952
ILPD,SVM_1,0.6936779560308973,0.024387725287600606,0.5319395083371358,0.014202727681432265,0.43295581608001105,0.0112128128025401
ILPD,SMOTEENN_0,0.8328639334521687,0.021999809225744807,0.545803928627092,0.009617310188214996,0.4067197287500889,0.006990721842492491
ILPD,SMOTEENN_1,0.8271479500891267,0.02184548280463959,0.5413478661010694,0.01387769633331317,0.40295215695356146,0.01099332841361064
ILPD,SMOTETomek_0,0.7446167557932263,0.016870013721255166,0.5446427741629739,0.009559578663307288,0.4305842770170413,0.007029835638582132
ILPD,SMOTETomek_1,0.7505644682115269,0.018475219009467775,0.5479566705207082,0.011179341774921784,0.43241265243462557,0.0086693862443402
KidneyDisease,Baseline,0.9764550264550261,0.005968526017290189,0.9877962253441184,0.0030920825769751403,1.0,0.0
KidneyDisease,RUS_0,0.9796296296296297,0.009920811285910281,0.9891274509803923,0.005394019286207353,1.0,0.0
KidneyDisease,RUS_1,0.9796296296296297,0.009920811285910281,0.9891274509803923,0.005394019286207353,1.0,0.0
KidneyDisease,MLCV,0.9764550264550261,0.005968526017290189,0.9877962253441184,0.0030920825769751403,1.0,0.0
KidneyDisease,TomekLinks_0,0.9763888888888891,0.006242279181734512,0.9874509803921571,0.0033275613232308055,1.0,0.0
KidneyDisease,TomekLinks_1,0.9763888888888891,0.006242279181734512,0.9874509803921571,0.0033275613232308055,1.0,0.0
KidneyDisease,ENN_0,0.9749074074074076,0.005714545971929453,0.9866176470588237,0.0032088191860888565,1.0,0.0
KidneyDisease,ENN_1,0.9749074074074076,0.005714545971929453,0.9866176470588237,0.0032088191860888565,1.0,0.0
KidneyDisease,NearMiss_0,0.9787962962962965,0.011029406385323737,0.988683006535948,0.005967986883710898,1.0,0.0
KidneyDisease,NearMiss_1,0.9787962962962965,0.011029406385323737,0.988683006535948,0.005967986883710898,1.0,0.0
KidneyDisease,AllKNN_0,0.9749074074074076,0.005714545971929453,0.9866176470588237,0.0032088191860888565,1.0,0.0
KidneyDisease,AllKNN_1,0.9749074074074076,0.005714545971929453,0.9866176470588237,0.0032088191860888565,1.0,0.0
KidneyDisease,IHT_0,0.9763888888888891,0.006242279181734512,0.9874509803921571,0.0033275613232308055,1.0,0.0
KidneyDisease,IHT_1,0.9763888888888891,0.006242279181734512,0.9874509803921571,0.0033275613232308055,1.0,0.0
KidneyDisease,CNN_0,0.978703703703704,0.0072198476628214546,0.9886797385620917,0.0038459817848782176,1.0,0.0
KidneyDisease,CNN_1,0.978703703703704,0.0072198476628214546,0.9886797385620917,0.0038459817848782176,1.0,0.0
KidneyDisease,NCR_0,0.9771296296296298,0.007267781278959421,0.987794117647059,0.004012727253089768,1.0,0.0
KidneyDisease,NCR_1,0.9771296296296298,0.007267781278959421,0.987794117647059,0.004012727253089768,1.0,0.0
KidneyDisease,REEN_0,0.9749074074074076,0.005714545971929453,0.9866176470588237,0.0032088191860888565,1.0,0.0
KidneyDisease,REEN_1,0.9749074074074076,0.005714545971929453,0.9866176470588237,0.0032088191860888565,1.0,0.0
KidneyDisease,OSS_0,0.9771296296296298,0.004460810914979976,0.9878431372549021,0.0023853970707051813,1.0,0.0
KidneyDisease,OSS_1,0.9771296296296298,0.004460810914979976,0.9878431372549021,0.0023853970707051813,1.0,0.0
KidneyDisease,CC_0,0.9772222222222224,0.004444444444444453,0.9878954248366015,0.0023762102865128344,1.0,0.0
KidneyDisease,CC_1,0.9772222222222224,0.004444444444444453,0.9878954248366015,0.0023762102865128344,1.0,0.0
KidneyDisease,ROS_0,0.9771296296296298,0.004460810914979976,0.9878431372549021,0.0023853970707051813,1.0,0.0
KidneyDisease,ROS_1,0.9771296296296298,0.004460810914979976,0.9878431372549021,0.0023853970707051813,1.0,0.0
KidneyDisease,SMOTE_0,0.9763888888888891,0.006242279181734512,0.9874509803921571,0.0033275613232308055,1.0,0.0
KidneyDisease,SMOTE_1,0.9763888888888891,0.006242279181734512,0.9874509803921571,0.0033275613232308055,1.0,0.0
KidneyDisease,BSMOTE_0,0.9771296296296298,0.004460810914979976,0.9878431372549021,0.0023853970707051813,1.0,0.0
KidneyDisease,BSMOTE_1,0.9771296296296298,0.004460810914979976,0.9878431372549021,0.0023853970707051813,1.0,0.0
KidneyDisease,SVM_0,0.9796296296296297,0.008093249401263759,0.9891764705882354,0.00430730359772422,1.0,0.0
KidneyDisease,SVM_1,0.9796296296296297,0.008093249401263759,0.9891764705882354,0.00430730359772422,1.0,0.0
KidneyDisease,SMOTEENN_0,0.9687962962962965,0.011423464528685456,0.9833758169934642,0.006145929435884241,1.0,0.0
KidneyDisease,SMOTEENN_1,0.9687962962962965,0.011423464528685456,0.9833758169934642,0.006145929435884241,1.0,0.0
KidneyDisease,SMOTETomek_0,0.9772222222222223,0.0075359222034725205,0.9878954248366014,0.004012965445353177,1.0,0.0
KidneyDisease,SMOTETomek_1,0.9772222222222223,0.0075359222034725205,0.9878954248366014,0.004012965445353177,1.0,0.0
NewThyroid1,Baseline,0.9384680134680131,0.044449625373978584,0.940001086687451,0.024441528188718767,0.9501559551559549,0.027848419617016004
NewThyroid1,RUS_0,0.9942857142857143,0.017142857142857147,0.9226168809404103,0.02208547556221357,0.8675171125171123,0.033374889360552884
NewThyroid1,RUS_1,0.9942857142857143,0.017142857142857147,0.9226168809404103,0.02208547556221357,0.8675171125171123,0.033374889360552884
NewThyroid1,MLCV,0.9384680134680131,0.044449625373978584,0.940001086687451,0.024441528188718767,0.9501559551559549,0.027848419617016004
NewThyroid1,TomekLinks_0,0.9619047619047619,0.028887144548767826,0.9537208902208902,0.018673840044175036,0.9525661375661376,0.016851374242565297
NewThyroid1,TomekLinks_1,0.9619047619047619,0.028887144548767826,0.9537208902208902,0.018673840044175036,0.9525661375661376,0.016851374242565297
NewThyroid1,ENN_0,0.9742857142857144,0.02890283981998766,0.9583692418692421,0.020608022493815176,0.9487301587301589,0.020172473755216212
NewThyroid1,ENN_1,0.9742857142857144,0.02890283981998766,0.9583692418692421,0.020608022493815176,0.9487301587301589,0.020172473755216212
NewThyroid1,NearMiss_0,0.9895238095238096,0.0201805905718258,0.948573198215613,0.015977580398226186,0.9168544973544975,0.023837694827507912
NewThyroid1,NearMiss_1,0.9895238095238096,0.0201805905718258,0.948573198215613,0.015977580398226186,0.9168544973544975,0.023837694827507912
NewThyroid1,AllKNN_0,0.9714285714285715,0.03129843185743807,0.9567550782550783,0.02188434380976944,0.9484920634920635,0.02037287828992442
NewThyroid1,AllKNN_1,0.9714285714285715,0.03129843185743807,0.9567550782550783,0.02188434380976944,0.9484920634920635,0.02037287828992442
NewThyroid1,IHT_0,0.9971428571428571,0.015386185163241448,0.9312923559641827,0.013179584851382573,0.8796127946127945,0.02044352005025692
NewThyroid1,IHT_1,0.9971428571428571,0.015386185163241448,0.9312923559641827,0.013179584851382573,0.8796127946127945,0.02044352005025692
NewThyroid1,CNN_0,0.9876190476190476,0.02295613484417895,0.9407702928879401,0.019510547496023916,0.9055334295334296,0.027337984775768317
NewThyroid1,CNN_1,0.9876190476190476,0.02295613484417895,0.9407702928879401,0.019510547496023916,0.9055334295334296,0.027337984775768317
NewThyroid1,NCR_0,0.9885714285714287,0.022857142857142857,0.9552568771098183,0.013941627227370301,0.9292248677248678,0.017951317612833896
NewThyroid1,NCR_1,0.9885714285714287,0.022857142857142857,0.9552568771098183,0.013941627227370301,0.9292248677248678,0.017951317612833896
NewThyroid1,REEN_0,0.9733333333333334,0.030356909429541397,0.9586598401598402,0.021207260960458104,0.9503968253968255,0.02025753812396858
NewThyroid1,REEN_1,0.9733333333333334,0.030356909429541397,0.9586598401598402,0.021207260960458104,0.9503968253968255,0.02025753812396858
NewThyroid1,OSS_0,0.9647619047619049,0.02728866434646555,0.9543630650395356,0.01805642464511458,0.9508148148148149,0.01856170248338691
NewThyroid1,OSS_1,0.9647619047619049,0.02728866434646555,0.9543630650395356,0.01805642464511458,0.9508148148148149,0.01856170248338691
NewThyroid1,CC_0,1.0,0.0,0.8856807705538355,0.015613671320981092,0.8014382284382283,0.02530477222958184
NewThyroid1,CC_1,1.0,0.0,0.8856807705538355,0.015613671320981092,0.8014382284382283,0.02530477222958184
NewThyroid1,ROS_0,0.9942857142857143,0.017142857142857147,0.9587378405907819,0.012026090187198135,0.9300952380952381,0.015013045473571766
NewThyroid1,ROS_1,0.9942857142857143,0.017142857142857147,0.9587378405907819,0.012026090187198135,0.9300952380952381,0.015013045473571766
NewThyroid1,SMOTE_0,0.9895238095238096,0.021486693662244732,0.95613771849066,0.0148248578542908,0.9294338624338625,0.01649961294701327
NewThyroid1,SMOTE_1,0.9895238095238096,0.021486693662244732,0.95613771849066,0.0148248578542908,0.9294338624338625,0.01649961294701327
NewThyroid1,BSMOTE_0,0.980952380952381,0.024835056781724377,0.9524283526930588,0.018060235784002718,0.9314867724867727,0.017214100117471796
NewThyroid1,BSMOTE_1,0.980952380952381,0.024835056781724377,0.9524283526930588,0.018060235784002718,0.9314867724867727,0.017214100117471796
NewThyroid1,SVM_0,0.9704761904761906,0.02708850029205314,0.9455815524344936,0.02312291573132574,0.9285343915343918,0.022161753835231203
NewThyroid1,SVM_1,0.9704761904761906,0.02708850029205314,0.9455815524344936,0.02312291573132574,0.9285343915343918,0.022161753835231203
NewThyroid1,SMOTEENN_0,0.9400000000000002,0.031601257186737286,0.9181493180022595,0.019528089745632367,0.9079126984126986,0.026105989671587147
NewThyroid1,SMOTEENN_1,0.9400000000000002,0.031601257186737286,0.9181493180022595,0.019528089745632367,0.9079126984126986,0.026105989671587147
NewThyroid1,SMOTETomek_0,0.9885714285714287,0.02285714285714285,0.9543043851573266,0.01491672559451475,0.9267486772486773,0.014178425504372486
NewThyroid1,SMOTETomek_1,0.9885714285714287,0.02285714285714285,0.9543043851573266,0.01491672559451475,0.9267486772486773,0.014178425504372486
NewThyroid2,Baseline,0.984006734006734,0.029030032794026696,0.9910682503359849,0.016562728405490872,1.0,0.0
NewThyroid2,RUS_0,0.9933333333333334,0.015964813918324012,0.9761739208503918,0.018948579223170187,0.9626137566137568,0.030744205197779796
NewThyroid2,RUS_1,0.9933333333333334,0.015964813918324012,0.9761739208503918,0.018948579223170187,0.9626137566137568,0.030744205197779796
NewThyroid2,MLCV,0.984006734006734,0.029030032794026696,0.9910682503359849,0.016562728405490872,1.0,0.0
NewThyroid2,TomekLinks_0,0.9876190476190476,0.026272598522159473,0.9924941724941725,0.016514884196206954,1.0,0.0
NewThyroid2,TomekLinks_1,0.9876190476190476,0.026272598522159473,0.9924941724941725,0.016514884196206954,1.0,0.0
NewThyroid2,ENN_0,0.9895238095238096,0.0238855927694942,0.9937140637140638,0.014816875127281618,1.0,0.0
NewThyroid2,ENN_1,0.9895238095238096,0.0238855927694942,0.9937140637140638,0.014816875127281618,1.0,0.0
NewThyroid2,NearMiss_0,0.9895238095238096,0.02148669366224472,0.9753191808191811,0.0170039145071488,0.96478835978836,0.014203516216201329
NewThyroid2,NearMiss_1,0.9895238095238096,0.02148669366224472,0.9753191808191811,0.0170039145071488,0.96478835978836,0.014203516216201329
NewThyroid2,AllKNN_0,0.9895238095238096,0.0238855927694942,0.9937140637140638,0.014816875127281618,1.0,0.0
NewThyroid2,AllKNN_1,0.9895238095238096,0.0238855927694942,0.9937140637140638,0.014816875127281618,1.0,0.0
NewThyroid2,IHT_0,0.9904761904761905,0.021295885499998005,0.9859986679986681,0.013500383522380541,0.9837698412698415,0.01244976046561932
NewThyroid2,IHT_1,0.9904761904761905,0.021295885499998005,0.9859986679986681,0.013500383522380541,0.9837698412698415,0.01244976046561932
NewThyroid2,CNN_0,0.9923809523809524,0.019424836242258225,0.9723231476126215,0.017351338119734334,0.9566957671957674,0.026818425907237514
NewThyroid2,CNN_1,0.9923809523809524,0.019424836242258225,0.9723231476126215,0.017351338119734334,0.9566957671957674,0.026818425907237514
NewThyroid2,NCR_0,0.9876190476190476,0.026272598522159473,0.9924941724941725,0.016514884196206954,1.0,0.0
NewThyroid2,NCR_1,0.9876190476190476,0.026272598522159473,0.9924941724941725,0.016514884196206954,1.0,0.0
NewThyroid2,REEN_0,0.9895238095238096,0.0238855927694942,0.9937140637140638,0.014816875127281618,1.0,0.0
NewThyroid2,REEN_1,0.9895238095238096,0.0238855927694942,0.9937140637140638,0.014816875127281618,1.0,0.0
NewThyroid2,OSS_0,0.9885714285714287,0.024018133738892368,0.9876456876456877,0.022905974471780235,0.9902564102564103,0.03330101984053132
NewThyroid2,OSS_1,0.9885714285714287,0.024018133738892368,0.9876456876456877,0.022905974471780235,0.9902564102564103,0.03330101984053132
NewThyroid2,CC_0,0.9980952380952381,0.007126966450997959,0.9900854700854702,0.007726798269547551,0.9833333333333335,0.014907119849998606
NewThyroid2,CC_1,0.9980952380952381,0.007126966450997959,0.9900854700854702,0.007726798269547551,0.9833333333333335,0.014907119849998606
NewThyroid2,ROS_0,0.9923809523809524,0.023250582125207062,0.9934747474747476,0.014714242340686178,0.9966666666666667,0.008498365855987983
NewThyroid2,ROS_1,0.9923809523809524,0.023250582125207062,0.9934747474747476,0.014714242340686178,0.9966666666666667,0.008498365855987983
NewThyroid2,SMOTE_0,0.9914285714285714,0.023502786055720128,0.9934063714063714,0.015206930796462913,0.9975000000000002,0.007500000000000006
NewThyroid2,SMOTE_1,0.9914285714285714,0.023502786055720128,0.9934063714063714,0.015206930796462913,0.9975000000000002,0.007500000000000006
NewThyroid2,BSMOTE_0,0.9933333333333334,0.017586843154875614,0.9952649572649575,0.011050207839067088,0.9983333333333334,0.006236095644623242
NewThyroid2,BSMOTE_1,0.9933333333333334,0.017586843154875614,0.9952649572649575,0.011050207839067088,0.9983333333333334,0.006236095644623242
NewThyroid2,SVM_0,0.9923809523809524,0.017969487870584007,0.9934743589743592,0.011687281027000054,0.9960185185185185,0.01060619755670227
NewThyroid2,SVM_1,0.9923809523809524,0.017969487870584007,0.9934743589743592,0.011687281027000054,0.9960185185185185,0.01060619755670227
NewThyroid2,SMOTEENN_0,0.9847619047619048,0.026324333259210006,0.9892012432012434,0.01791762908961301,0.9966666666666667,0.008498365855987983
NewThyroid2,SMOTEENN_1,0.9847619047619048,0.026324333259210006,0.9892012432012434,0.01791762908961301,0.9966666666666667,0.008498365855987983
NewThyroid2,SMOTETomek_0,0.9914285714285714,0.023502786055720128,0.9934063714063714,0.015206930796462913,0.9975000000000002,0.007500000000000006
NewThyroid2,SMOTETomek_1,0.9914285714285714,0.023502786055720128,0.9934063714063714,0.015206930796462913,0.9975000000000002,0.007500000000000006
Pima,Baseline,0.4722046041813483,0.03452508786013727,0.5277336790429735,0.025419107933843752,0.6085469123671067,0.020469948675874407
Pima,RUS_0,0.7241025641025641,0.024785735330450417,0.6256599318225786,0.019998726749234218,0.5551530230160064,0.02121193981636501
Pima,RUS_1,0.7176923076923077,0.03388983195678568,0.6220589740275562,0.024004529979781905,0.5517117609828909,0.022690226745554928
Pima,MLCV,0.4787174066243834,0.030727075510608694,0.5356705386361438,0.02545105220225298,0.6168924277099753,0.0222179965724391
Pima,TomekLinks_0,0.5789743589743589,0.02991990183756886,0.5758113578948918,0.02437876434710444,0.5799317907138455,0.021319371381517984
Pima,TomekLinks_1,0.588205128205128,0.02714075614851126,0.585255409571825,0.023023326523873063,0.588476586686361,0.02336523989618157
Pima,ENN_0,0.8117948717948718,0.027999248604551177,0.6367306750347059,0.019318502623462335,0.526836682202928,0.017054006080926144
Pima,ENN_1,0.8123076923076924,0.02453512556698599,0.6351486656778456,0.017172518768205698,0.5232290713346979,0.01584435481144639
Pima,NearMiss_0,0.6833333333333331,0.018534400377949917,0.6064408040868414,0.013668083121466817,0.550331682123807,0.016260765831266347
Pima,NearMiss_1,0.6912820512820512,0.025569129973985423,0.6122224986052576,0.021285179546890676,0.5528473394889332,0.021426303919191265
Pima,AllKNN_0,0.8558974358974359,0.02044218607999464,0.6343893885391159,0.019167715911626516,0.5058801399758289,0.01809969951189028
Pima,AllKNN_1,0.8466666666666666,0.02246481652698409,0.6279056438798047,0.019015272384891466,0.5005117004061891,0.018790488485502726
Pima,IHT_0,0.837948717948718,0.027942836360667245,0.6306820972423144,0.0174763204467332,0.5076644973672654,0.014682537407257114
Pima,IHT_1,0.8402564102564102,0.02799572616955457,0.6289604291858671,0.018915660620117774,0.5039123814285497,0.015647539589434736
Pima,CNN_0,0.7594871794871795,0.025039088442530694,0.6126918025613931,0.01947918604087581,0.5169348648837684,0.021161503829738863
Pima,CNN_1,0.7535897435897436,0.02860899662178767,0.6093297666555216,0.015179146303554642,0.5145109268827751,0.017274367223464104
Pima,NCR_0,0.781794871794872,0.024686063059988127,0.6357142795022106,0.020645743110881694,0.5382390363534121,0.020260065498519574
Pima,NCR_1,0.7794871794871797,0.028873206687711282,0.6301788167003134,0.01620997610975544,0.5311294553591959,0.01266077654574757
Pima,REEN_0,0.834102564102564,0.029371008618560096,0.6320197918583095,0.016846654612786543,0.5130402160977977,0.019941607612689614
Pima,REEN_1,0.837948717948718,0.026789657203300454,0.6269844870771629,0.02222905398937626,0.502849153929756,0.02250345874776196
Pima,OSS_0,0.5953846153846153,0.03338851448340109,0.5882485334782898,0.025450226326947413,0.589225770974127,0.02540744239192304
Pima,OSS_1,0.5976923076923076,0.028378256531841096,0.5898161579691182,0.022045441721122445,0.5876169413390893,0.020182637469136008
Pima,CC_0,0.6735897435897434,0.025948160529129922,0.5988536655681337,0.022735237975504512,0.5440183784024349,0.024030824909793348
Pima,CC_1,0.6697435897435896,0.0232415778330762,0.6006498053718958,0.01626860760723997,0.5480012070108237,0.0192119555614927
Pima,ROS_0,0.7107692307692307,0.018375869607352754,0.6212870974956662,0.011540484216587207,0.5563165489340959,0.012734060640980031
Pima,ROS_1,0.7174358974358971,0.02700962888669475,0.6254475581328904,0.02539614334701476,0.5577383589572229,0.029091018945603314
Pima,SMOTE_0,0.7071794871794872,0.027227823492222122,0.6182551504190656,0.018461893727618674,0.5536308487145664,0.019087109319897905
Pima,SMOTE_1,0.7092307692307691,0.023449976133689605,0.6166752819537274,0.01645791665834327,0.548422576026691,0.01848414134859635
Pima,BSMOTE_0,0.7105128205128204,0.03338162182805288,0.6184069722798935,0.02310621893106126,0.5520896294349771,0.02063957572953728
Pima,BSMOTE_1,0.7041025641025639,0.023645419247996933,0.6160762858847054,0.017284735082060514,0.5507017259381948,0.018657037060666282
Pima,SVM_0,0.6920512820512817,0.028883451670595483,0.619921637599327,0.0186709039712415,0.5665253824560196,0.018933333813845734
Pima,SVM_1,0.6976923076923075,0.024174741900516914,0.6195708147440588,0.020893775406246616,0.5607813962321612,0.0226387898964467
Pima,SMOTEENN_0,0.7615384615384616,0.029054800972749352,0.615515486914109,0.01918203749428244,0.5203051971707284,0.01682149904233325
Pima,SMOTEENN_1,0.7712820512820514,0.03005145707483819,0.619327652193894,0.021298197666311153,0.5204007319377177,0.018213747380451912
Pima,SMOTETomek_0,0.7017948717948719,0.02756976685986715,0.6161358890326939,0.020330392038018088,0.5551317987756049,0.02061160421518846
Pima,SMOTETomek_1,0.7092307692307692,0.028046172131026288,0.6211220764142138,0.023065408081833428,0.5564600601756463,0.024333003313347597
Thoracic,Baseline,0.02667069243156199,0.014215069334970491,0.04523416097628184,0.023840932159260905,0.19706349206349205,0.15665215861591497
Thoracic,RUS_0,0.5547619047619047,0.059141630230353424,0.3074651017970155,0.029076210330469726,0.21432861865496322,0.020366559121800146
Thoracic,RUS_1,0.5499999999999999,0.047630950893229065,0.3020232778941672,0.022259523698533287,0.20993522885090796,0.016865607606249784
Thoracic,MLCV,0.035809178743961355,0.0171651670929624,0.060274315287216336,0.028555749681957603,0.25599246432579764,0.14698322149603477
Thoracic,TomekLinks_0,0.044285714285714275,0.017823778354488482,0.07115309887910506,0.02708979661273711,0.2332698412698413,0.10527399971681954
Thoracic,TomekLinks_1,0.04523809523809525,0.016113261253036786,0.07355125037787576,0.026600891490228075,0.23316666666666663,0.09951581858251556
Thoracic,ENN_0,0.12142857142857143,0.025488426078233595,0.16191936453508715,0.029130924109850215,0.281512506012506,0.06023712143277658
Thoracic,ENN_1,0.12095238095238096,0.028026550418213645,0.16128477554714094,0.03494076584520934,0.2827877862877862,0.06440008166002419
Thoracic,NearMiss_0,0.5971428571428571,0.043393469523407675,0.30812153974986284,0.020696276297077383,0.20949738346995062,0.014745627663208895
Thoracic,NearMiss_1,0.5876190476190474,0.036836342106311835,0.30079340431548807,0.017520444769831365,0.20382309106499613,0.013174912926179269
Thoracic,AllKNN_0,0.2090476190476191,0.030075490808834524,0.23172216433756615,0.03397891765544112,0.2817757323802216,0.049853264745611525
Thoracic,AllKNN_1,0.1990476190476191,0.038674172389041826,0.22800988265654093,0.041104004816530315,0.2943965433717756,0.05189647071559167
Thoracic,IHT_0,0.687142857142857,0.02254247691151354,0.31263505753592574,0.011636893976402479,0.20320094990431609,0.008936029152802321
Thoracic,IHT_1,0.6857142857142856,0.033401291270000334,0.3097200357353737,0.013116668111073539,0.20099420203090143,0.008651819447707428
Thoracic,CNN_0,0.24904761904761905,0.03984379932525514,0.24797366044404853,0.03637421161879146,0.25749686108906955,0.03857602294980439
Thoracic,CNN_1,0.2461904761904762,0.041516054321670666,0.24307791791236957,0.035773402754955025,0.25138771876832183,0.0369916602708103
Thoracic,NCR_0,0.10904761904761905,0.02432303388404216,0.15060031006967334,0.03133912309557023,0.28373328523328517,0.07338228883474636
Thoracic,NCR_1,0.10666666666666669,0.022657861434991083,0.14662412505425473,0.027560292787734756,0.26721417471417475,0.05922257690098616
Thoracic,REEN_0,0.3776190476190477,0.03915490487746994,0.2765292107587801,0.027766955431873155,0.23112710122108973,0.025654907023739862
Thoracic,REEN_1,0.3652380952380953,0.050532313812342154,0.2668350099119342,0.027912979131664,0.22079686442668275,0.022301611855904648
Thoracic,OSS_0,0.04142857142857142,0.014451419909993827,0.06581691304911119,0.02162628445994914,0.20403174603174598,0.0894164320017152
Thoracic,OSS_1,0.04761904761904763,0.015356681425330573,0.07640923684731733,0.025475216743863948,0.2299444444444444,0.09465970566478224
Thoracic,CC_0,0.5547619047619047,0.03131653913801406,0.31765005413314873,0.018637660509917123,0.2241678434618949,0.014267076961213565
Thoracic,CC_1,0.5490476190476189,0.03122952844203732,0.31095090589769075,0.01958723697618733,0.21847421910421155,0.014924964200016638
Thoracic,ROS_0,0.4938095238095238,0.037011366765377224,0.3174525562199092,0.023183362029856894,0.23590968381014205,0.017670908573347414
Thoracic,ROS_1,0.5014285714285714,0.031156833910391604,0.3217726281366583,0.017752231768140305,0.238950685782464,0.013858249790222866
Thoracic,SMOTE_0,0.5028571428571429,0.03388656547553754,0.32924879744803154,0.02142216509281516,0.24736484242576212,0.017018784594688387
Thoracic,SMOTE_1,0.49428571428571433,0.032492804017584725,0.321552747541527,0.017059092508363304,0.24065900568924029,0.012656614393954144
Thoracic,BSMOTE_0,0.4776190476190477,0.035891623211830995,0.31584672307658485,0.0229737060469607,0.2385782277230243,0.01828520842937617
Thoracic,BSMOTE_1,0.47047619047619055,0.037784446523575946,0.31059056606108293,0.02009490171178584,0.23435617643926307,0.014996733977112504
Thoracic,SVM_0,0.3076190476190476,0.055048937206165445,0.2817162390431443,0.037654439685475646,0.26808974440828653,0.03282094291995469
Thoracic,SVM_1,0.30523809523809525,0.050505382394291906,0.27858683783486915,0.03515661456151297,0.26383025290195167,0.031892758274954455
Thoracic,SMOTEENN_0,0.6314285714285713,0.045833178725775095,0.29195216222918624,0.017827537156120468,0.19135462746185128,0.012558960074484845
Thoracic,SMOTEENN_1,0.6166666666666666,0.04458170414723064,0.28312877662649444,0.015303196489857231,0.18504531854009165,0.010274609170595587
Thoracic,SMOTETomek_0,0.5028571428571429,0.03893130178279944,0.3257837796353316,0.023643452638201123,0.24369626554075505,0.020495229447867684
Thoracic,SMOTETomek_1,0.4838095238095238,0.03454925170898488,0.31201676598318967,0.01858556300576134,0.2324778862934429,0.013729982831827066
Vertebral,Baseline,0.9976190476190475,0.0036369648372665264,0.995733035245803,0.001899483977600403,0.9939268947015424,0.002085943769697443
Vertebral,RUS_0,0.9919047619047617,0.006287397562012155,0.9938442870173804,0.003240004977006188,0.9959818618074433,0.0030905009632730095
Vertebral,RUS_1,0.9919047619047617,0.006287397562012155,0.9938442870173804,0.003240004977006188,0.9959818618074433,0.0030905009632730095
Vertebral,MLCV,0.9976190476190475,0.0036369648372665264,0.995733035245803,0.001899483977600403,0.9939268947015424,0.002085943769697443
Vertebral,TomekLinks_0,0.9974603174603174,0.003835887610664929,0.995739308883396,0.002185791540830277,0.994157522064499,0.0019590673973700905
Vertebral,TomekLinks_1,0.9974603174603174,0.003835887610664929,0.995739308883396,0.002185791540830277,0.994157522064499,0.0019590673973700905
Vertebral,ENN_0,0.9923809523809524,0.004364357804719832,0.9931583378434937,0.003321241665052057,0.9940735775222449,0.0026764739175216975
Vertebral,ENN_1,0.9923809523809524,0.004364357804719832,0.9931583378434937,0.003321241665052057,0.9940735775222449,0.0026764739175216975
Vertebral,NearMiss_0,0.9987301587301585,0.002105793517685961,0.9963151539125034,0.0015701189910648792,0.9940028188865401,0.0020566404751961725
Vertebral,NearMiss_1,0.9987301587301585,0.002105793517685961,0.9963151539125034,0.0015701189910648792,0.9940028188865401,0.0020566404751961725
Vertebral,AllKNN_0,0.9923809523809524,0.004364357804719832,0.9931583378434937,0.003321241665052057,0.9940735775222449,0.0026764739175216975
Vertebral,AllKNN_1,0.9923809523809524,0.004364357804719832,0.9931583378434937,0.003321241665052057,0.9940735775222449,0.0026764739175216975
Vertebral,IHT_0,0.9853968253968255,0.005758208618164124,0.9892662299103493,0.003601303724875138,0.9934701254502731,0.0030831395673820068
Vertebral,IHT_1,0.9853968253968255,0.005758208618164124,0.9892662299103493,0.003601303724875138,0.9934701254502731,0.0030831395673820068
Vertebral,CNN_0,0.9926984126984127,0.007652044948059622,0.9940475836339696,0.004697977675984649,0.9956904594113898,0.0035416612248069697
Vertebral,CNN_1,0.9926984126984127,0.007652044948059622,0.9940475836339696,0.004697977675984649,0.9956904594113898,0.0035416612248069697
Vertebral,NCR_0,0.9934920634920632,0.00582995799117679,0.9937219349010665,0.00344279385728332,0.9941209191010668,0.0023380117610388215
Vertebral,NCR_1,0.9934920634920632,0.00582995799117679,0.9937219349010665,0.00344279385728332,0.9941209191010668,0.0023380117610388215
Vertebral,REEN_0,0.9923809523809524,0.004364357804719832,0.9932349452306348,0.0031717008396137092,0.9942215690655851,0.002327703071856974
Vertebral,REEN_1,0.9923809523809524,0.004364357804719832,0.9932349452306348,0.0031717008396137092,0.9942215690655851,0.002327703071856974
Vertebral,OSS_0,0.9979365079365077,0.004018726635292736,0.9962059263586339,0.002241076807526839,0.9945981408772109,0.001669177626260338
Vertebral,OSS_1,0.9979365079365077,0.004018726635292736,0.9962059263586339,0.002241076807526839,0.9945981408772109,0.001669177626260338
Vertebral,CC_0,0.9980952380952381,0.0033895486514384995,0.9963764602844007,0.0025902434542275357,0.994766758419623,0.0030630618772288123
Vertebral,CC_1,0.9980952380952381,0.0033895486514384995,0.9963764602844007,0.0025902434542275357,0.994766758419623,0.0030630618772288123
Vertebral,ROS_0,0.9957142857142856,0.004657587540038462,0.9947655614801891,0.002380888063457814,0.9939951005067286,0.0020447103641597327
Vertebral,ROS_1,0.9957142857142856,0.004657587540038462,0.9947655614801891,0.002380888063457814,0.9939951005067286,0.0020447103641597327
Vertebral,SMOTE_0,0.9957142857142854,0.004657587540038463,0.9948459294095139,0.0024316871672936443,0.9941538306654588,0.0019569223271896827
Vertebral,SMOTE_1,0.9957142857142854,0.004657587540038463,0.9948459294095139,0.0024316871672936443,0.9941538306654588,0.0019569223271896827
Vertebral,BSMOTE_0,0.9966666666666665,0.004458594255615266,0.995335743401958,0.00237055748729996,0.994157522064499,0.0019590673973700905
Vertebral,BSMOTE_1,0.9966666666666665,0.004458594255615266,0.995335743401958,0.00237055748729996,0.994157522064499,0.0019590673973700905
Vertebral,SVM_0,0.998095238095238,0.0033895486514385004,0.9964527684014919,0.002124257045616427,0.9949330514446795,0.002703863640743698
Vertebral,SVM_1,0.998095238095238,0.0033895486514385004,0.9964527684014919,0.002124257045616427,0.9949330514446795,0.002703863640743698
Vertebral,SMOTEENN_0,0.9906349206349208,0.0031306480830660234,0.9917218401961443,0.002208518006380765,0.9929809099012162,0.003121286912857052
Vertebral,SMOTEENN_1,0.9906349206349208,0.0031306480830660234,0.9917218401961443,0.002208518006380765,0.9929809099012162,0.003121286912857052
Vertebral,SMOTETomek_0,0.9957142857142854,0.004657587540038463,0.9948459294095139,0.0024316871672936443,0.9941538306654588,0.0019569223271896827
Vertebral,SMOTETomek_1,0.9957142857142854,0.004657587540038463,0.9948459294095139,0.0024316871672936443,0.9941538306654588,0.0019569223271896827
